,Deployment,Calibration Sheets
0,1.0,CGINS-OPTAAD-00123__20131121_Cal_Info.xlsx
0,1.0,CGINS-OPTAAD-00123__20151021_Cal_Info.xlsx
1,2.0,CGINS-OPTAAD-00151__20141213_Cal_Info.xlsx
1,2.0,CGINS-OPTAAD-00151__20150507_Cal_Info.xlsx
1,2.0,CGINS-OPTAAD-00151__20160528_Cal_Info.xlsx
2,3.0,CGINS-OPTAAD-00151__20141213_Cal_Info.xlsx
2,3.0,CGINS-OPTAAD-00151__20150507_Cal_Info.xlsx
2,3.0,CGINS-OPTAAD-00151__20160528_Cal_Info.xlsx
3,4.0,CGINS-OPTAAD-00152__20151023_Cal_Info.xlsx
4,5.0,CGINS-OPTAAD-00129__20131121_Cal_Info.xlsx
4,5.0,CGINS-OPTAAD-00129__20160513_Cal_Info.xlsx
5,6.0,CGINS-OPTAAD-00207__20150315_Cal_Info.xlsx
6,7.0,CGINS-OPTAAD-00123__20131121_Cal_Info.xlsx
6,7.0,CGINS-OPTAAD-00123__20151021_Cal_Info.xlsx
7,8.0,CGINS-OPTAAD-00185__20141213_Cal_Info.xlsx
7,8.0,CGINS-OPTAAD-00185__20150507_Cal_Info.xlsx
8,9.0,CGINS-OPTAAD-00151__20141213_Cal_Info.xlsx
8,9.0,CGINS-OPTAAD-00151__20150507_Cal_Info.xlsx
8,9.0,CGINS-OPTAAD-00151__20160528_Cal_Info.xlsx
9,10.0,CGINS-OPTAAD-00222__20150815_Cal_Info.xlsx
